;createTime;specificEnergy (kWh/kWp);plantid;dayEnergy (kWh);irradiation (Wh/msq)
0;2018-01-01;0,22;100127;2373,3;113624,99459891
1;2018-01-02;0,8;100127;8473,74;115911,980513278
2;2018-01-03;0,1;100127;1089,09;104283,356817703
3;2018-01-04;0,17;100127;1774,73;84967,6343759846
4;2018-01-05;0,26;100127;2740;131181,260355208
5;2018-01-06;0,93;100127;9904,73;105378,342650287
6;2018-01-07;1,06;100127;11263,72;119836,900720857
7;2018-01-08;1;100127;10555,15;112298,287123947
8;2018-01-09;0,96;100127;10198,04;108498,924602824
9;2018-01-10;0,1;100127;1058,25;101330,342168539
10;2018-01-11;0,1;100127;1045,19;100079,811321649
11;2018-01-12;0,07;100127;700,75;67098,7359079649
12;2018-01-13;0,03;100127;292,79;nan
13;2018-01-14;0,12;100127;1258,18;120474,188433369
14;2018-01-15;0,08;100127;869,46;83253,1814806124
15;2018-01-16;0,4;100127;4286,71;102616,062149137
16;2018-01-17;0,37;100127;3925,15;125281,295397383
17;2018-01-18;0,16;100127;1723,86;165064,326624765
18;2018-01-19;0,35;100127;3761,21;120048,727070708
19;2018-01-20;0,35;100127;3730,52;119069,17649156
20;2018-01-21;0,69;100127;7328,44;116953,040831815
21;2018-01-22;0,28;100127;2933,97;93645,2268721092
22;2018-01-23;0,21;100127;2253,21;107875,521038306
23;2018-01-24;0,13;100127;1394,87;21,5841356040734
24;2018-01-25;0,65;100127;6923,17;89,0173935963401
25;2018-01-26;0,31;100127;3302,76;42,886945398091
26;2018-01-27;0,45;100127;4773,69;57,706592633741
27;2018-01-28;0,27;100127;2851,99;38,2419647946881
28;2018-01-29;0,46;100127;4829,35;61,215715915619
29;2018-01-30;0,86;100127;9072,42;112,09149894719
30;2018-01-31;0,2;100127;2082,92;28,9722991236496
31;2020-10-31;1;100127;10563,2;127,95134645301
0;2018-02-01;1,02;100127;10806,93;136,931746751019
1;2018-02-02;0,19;100127;2054,65;29,3551741378897
2;2018-02-03;0,16;100127;1713,35;27,2385796574924
3;2018-02-04;0,18;100127;1876,34;53,3446274197017
4;2018-02-05;1,01;100127;10706,21;143,337387268278
5;2018-02-06;1,12;100127;11878,33;147,904122361497
6;2018-02-07;1,28;100127;13539,16;165,993819728667
7;2018-02-08;2,08;100127;22042,8;281,121284329102
8;2018-02-09;1,44;100127;15263,12;185,209179315693
9;2018-02-10;0,36;100127;3818,71;48,4435564437271
10;2018-02-11;0,18;100127;1947,28;34,9105794541454
11;2018-02-12;1,24;100127;13153,38;158,483986183188
12;2018-02-13;0,94;100127;9939,12;145,497327739754
13;2018-02-14;2,73;100127;28901,97;342,462932457446
14;2018-02-15;0,52;100127;5522,04;67,2026546532264
15;2018-02-16;0,8;100127;8426,83;132,277393825425
16;2018-02-17;1,01;100127;10655,47;122,867353019309
17;2018-02-18;0,8;100127;8425,27;97,2565072999671
18;2018-02-19;0,19;100127;1963,1;28,9143536820622
19;2018-02-20;1,9;100127;20168,7;238,538584948328
20;2018-02-21;1,18;100127;12455,03;144,750978137798
21;2018-02-22;2,09;100127;22102,78;251,204967640961
22;2018-02-23;2,98;100127;31550,48;343,027711965331
23;2018-02-24;3,3;100127;34968,24;394,196486966617
24;2018-02-25;2,29;100127;24305,29;283,436637473038
25;2018-02-26;2,46;100127;26113,12;294,963184486901
26;2018-02-27;0,19;100127;2063,21;238,021711527102
27;2018-02-28;0,76;100127;8064,09;184,771177719992
28;2020-10-31;1;100127;10563,2;127,95134645301
0;2018-03-01;1,46;100127;15445,49;222,398204819028
1;2018-03-02;1,2;100127;12686,13;155,894734111536
2;2018-03-03;1,43;100127;15204,59;190,960286703551
3;2018-03-04;2,56;100127;27082,1;293,678981827527
4;2018-03-05;0,58;100127;6184,87;77,3332826635296
5;2018-03-06;0,86;100127;9076,24;106,178972794845
6;2018-03-07;1,22;100127;12929,51;144,512206282575
7;2018-03-08;0,52;100127;5477,12;100,565536628159
8;2018-03-09;0,26;100127;2703,13;103,284962893136
9;2018-03-10;1,38;100127;14574,26;193,473644559498
10;2018-03-11;0,47;100127;5026,71;70,2658802536232
11;2018-03-12;1,11;100127;11792,04;134,387074102883
12;2018-03-13;0,45;100127;4795,73;60,4534374337704
13;2018-03-14;1,81;100127;19223,19;204,020528266478
14;2018-03-15;0,97;100127;10310,01;118,941175452889
15;2018-03-16;1,97;100127;20906,2;224,571015595745
16;2018-03-17;2,88;100127;30504,2;339,634985751768
17;2018-03-18;4,95;100127;52455,53;565,244314274436
18;2018-03-19;4,94;100127;52393,47;547,150023045184
19;2018-03-20;5,38;100127;57002,42;604,311135338497
20;2018-03-21;1,96;100127;20766,42;228,793201513571
21;2018-03-22;0,98;100127;10429,79;122,073220881225
22;2018-03-23;1,26;100127;13334,48;151,173698825282
23;2018-03-24;1,08;100127;11415,11;131,78540083442
24;2018-03-25;0,78;100127;8235,28;98,4949617876042
25;2018-03-26;2,37;100127;25169,78;284,475391953511
26;2018-03-27;1,1;100127;11673,61;134,769737044558
27;2018-03-28;0,91;100127;9609,11;121,673982734633
28;2018-03-29;2,46;100127;26059,28;285,628157865871
29;2018-03-30;5,31;100127;56239,13;605,538183044023
30;2018-03-31;2,26;100127;23908,55;259,706101681813
31;2020-10-31;1;100127;10563,2;127,95134645301
0;2018-04-01;3,74;100127;39676,26;430,396601087152
1;2018-04-02;5,55;100127;58773,69;632,401633737759
2;2018-04-03;0,86;100127;9083,22;110,108019557463
3;2018-04-04;3,46;100127;36648,41;426,130643533645
4;2018-04-05;1,42;100127;15077,63;165,072542573747
5;2018-04-06;5,82;100127;61701,53;678,077683337899
6;2018-04-07;4,72;100127;50021,21;521,864039546529
7;2018-04-08;5,02;100127;53189,54;551,55343825451
8;2018-04-09;3,63;100127;38517,54;409,841113163598
9;2018-04-10;2,52;100127;26757,4;288,816874456705
10;2018-04-11;5,97;100127;63242,94;670,618504237197
11;2018-04-12;3,58;100127;37903,41;406,924043525565
12;2018-04-13;2,97;100127;31481,69;333,900999996114
13;2018-04-14;1,89;100127;20061,24;218,584296061344
14;2018-04-15;1,39;100127;14687,91;165,771770114622
15;2018-04-16;2,97;100127;31470,74;346,130224604816
16;2018-04-17;3,98;100127;42143,72;466,463630267374
17;2018-04-18;4,73;100127;50113,39;556,60534079252
18;2018-04-19;5,98;100127;63354,67;658,959759660732
19;2018-04-20;5,97;100127;63285,22;661,687433862349
20;2018-04-21;5,95;100127;63043,05;709,597399448319
21;2018-04-22;4,95;100127;52451,68;550,761303714795
22;2018-04-23;3,83;100127;40629,7;493,894286502975
23;2018-04-24;2,7;100127;28632,52;310,843807268293
24;2018-04-25;3,29;100127;34843,85;431,783910491868
25;2018-04-26;3,62;100127;38379,87;450,25458184081
26;2018-04-27;4,73;100127;50085,7;600,380977650128
27;2018-04-28;2,55;100127;27054,08;296,396157623363
28;2018-04-29;3,66;100127;38765,99;442,900602171699
29;2018-04-30;0,7;100127;7374,69;89,1712096776345
30;2020-10-31;1;100127;10563,2;127,95134645301
0;2018-05-01;2,16;100127;22886,18;258,02596875539
1;2018-05-02;4,83;100127;51227,66;566,484473253689
2;2018-05-03;4,67;100127;49471,5;592,054982330006
3;2018-05-04;5,69;100127;60270,04;685,720265956641
4;2018-05-05;6,53;100127;69227,34;759,998603434096
5;2018-05-06;6,58;100127;69693,08;742,633396673522
6;2018-05-07;6,62;100127;70204,7;750,507170011731
7;2018-05-08;6,66;100127;70633,09;763,35352597443
8;2018-05-09;6,62;100127;70170,95;758,787246375899
9;2018-05-10;5,14;100127;54423,28;613,729647885169
10;2018-05-11;6,84;100127;72527,36;812,339898467306
11;2018-05-12;5,59;100127;59199,71;633,002202452881
12;2018-05-13;6,54;100127;69327,24;741,955238443745
13;2018-05-14;6,68;100127;70756,75;764,94896969104
14;2018-05-15;6,63;100127;70257,94;747,238764625949
15;2018-05-16;6,44;100127;68270,87;749,842072877706
16;2018-05-17;6,35;100127;67289,32;742,810362543729
17;2018-05-18;2,94;100127;31158,32;328,723519489186
18;2018-05-19;4,59;100127;48652,84;557,520700284447
19;2018-05-20;6,68;100127;70759,64;782,020977606875
20;2018-05-21;5,81;100127;61612,45;656,966726104419
21;2018-05-22;6,29;100127;66698,81;731,736266198604
22;2018-05-23;5,69;100127;60286,23;674,760022820474
23;2018-05-24;6,84;100127;72482,97;791,023857722361
24;2018-05-25;6,8;100127;72038,12;774,429967344613
25;2018-05-26;6,62;100127;70120,58;769,011339010855
26;2018-05-27;3,83;100127;40584,8;441,151776199693
27;2018-05-28;6,16;100127;65335,33;725,253556564132
28;2018-05-29;4,8;100127;50909,11;543,382790887581
29;2018-05-30;6,89;100127;73040,13;795,834425004587
30;2018-05-31;6,64;100127;70346,05;767,965724805656
31;2020-10-31;1;100127;10563,2;127,95134645301
0;2018-06-01;6,71;100127;71107,57;771,966553569042
1;2018-06-02;6,63;100127;70276,08;737,519459964689
2;2018-06-03;6,58;100127;69742,13;759,208773833557
3;2018-06-04;6,54;100127;69360,79;783,471277921873
4;2018-06-05;7,04;100127;74630,16;820,723861689505
5;2018-06-06;5,81;100127;61577,54;668,581298570954
6;2018-06-07;6,84;100127;72523,99;777,12299745379
7;2018-06-08;6,73;100127;71276,76;771,354589666489
8;2018-06-09;3,46;100127;36618,22;388,767609949496
9;2018-06-10;1,24;100127;13165,76;155,886936710552
10;2018-06-11;2,87;100127;30403,34;335,778922217556
11;2018-06-12;5,29;100127;56083,37;661,754357890673
12;2018-06-13;6,7;100127;70974,85;840,573493901189
13;2018-06-14;4,38;100127;46457,26;514,683577482607
14;2018-06-15;4,88;100127;51674,1;622,460298060817
15;2018-06-16;2,33;100127;24726,42;272,109249937059
16;2018-06-17;4,79;100127;50786,4;608,78032019779
17;2018-06-18;2,69;100127;28559,59;310,50972322348
18;2018-06-19;5,59;100127;59237,21;718,26332162783
19;2018-06-20;1,61;100127;17073,03;195,198744393269
20;2018-06-21;5,73;100127;60724,7;735,089342760424
21;2018-06-22;5,8;100127;61501,83;703,412450046534
22;2018-06-23;3,98;100127;42174,54;473,982155520812
23;2018-06-24;6,23;100127;66077,51;724,505090008772
24;2018-06-25;6,71;100127;71140,95;798,773596282818
25;2018-06-26;6,71;100127;71111,33;770,958450271665
26;2018-06-27;6,77;100127;71724,47;754,622005355094
27;2018-06-28;6,81;100127;72175,1;791,090193466013
28;2018-06-29;6,78;100127;71897,23;794,043496531226
29;2018-06-30;7,06;100127;74827,19;829,559896611726
30;2020-10-31;1;100127;10563,2;127,95134645301
0;2018-07-01;6,63;100127;70271,47;796,294216871522
1;2018-07-02;6,93;100127;73493,62;819,233508634782
2;2018-07-03;7;100127;74156,71;819,09199754437
3;2018-07-04;7,01;100127;74290,37;823,894699858708
4;2018-07-05;2,93;100127;31024,12;348,421844303745
5;2018-07-06;6,97;100127;73840,27;862,034690094177
6;2018-07-07;6,96;100127;73768,06;821,05012466018
7;2018-07-08;6,98;100127;73963,67;816,394745459237
8;2018-07-09;6,87;100127;72811,93;832,967998874601
9;2018-07-10;5,05;100127;53503,09;613,10049329457
10;2018-07-11;5,99;100127;63525,67;703,452904683116
11;2018-07-12;5,09;100127;53931,28;599,079824798009
12;2018-07-13;6,89;100127;73011,19;809,614573538649
13;2018-07-14;4,92;100127;52125,08;567,688749104697
14;2018-07-15;6,03;100127;63891,18;719,059221032111
15;2018-07-16;6,64;100127;70413,99;760,470653479708
16;2018-07-17;5,03;100127;53295,76;598,898639290364
17;2018-07-18;5,04;100127;53455,78;595,248012514671
18;2018-07-19;6,08;100127;64400,81;753,120948200524
19;2018-07-20;6,65;100127;70431,42;780,194560862181
20;2018-07-21;5,99;100127;63440,14;727,493117908198
21;2018-07-22;4,81;100127;50940,42;555,60827377739
22;2018-07-23;3,87;100127;41006,31;471,138317254301
23;2018-07-24;6,24;100127;66128,34;718,154708298062
24;2018-07-25;6,03;100127;63864,42;668,546354989697
25;2018-07-26;6,47;100127;68600,84;730,832078832275
26;2018-07-27;6,43;100127;68182,41;727,345466081125
27;2018-07-28;5,56;100127;58947,34;651,69952693271
28;2018-07-29;5,69;100127;60301;674,452314363932
29;2018-07-30;3,69;100127;39087,41;421,004138810995
30;2018-07-31;3,1;100127;32820,01;353,578537507352
31;2020-10-31;1;100127;10563,2;127,95134645301
0;2018-08-01;5,13;100127;54404,01;607,502423883495
1;2018-08-02;5,86;100127;62114,84;681,36858997252
2;2018-08-03;5,38;100127;57042,41;647,997072801192
3;2018-08-04;4,55;100127;48241,72;568,946557844673
4;2018-08-05;3,87;100127;40973,84;467,567351254222
5;2018-08-06;2,17;100127;22975,47;257,125329034755
6;2018-08-07;5,54;100127;58765,86;640,231242990175
7;2018-08-08;2,94;100127;31165,99;339,386908499528
8;2018-08-09;5,26;100127;55694,76;617,737303386074
9;2018-08-10;4,02;100127;42657,22;491,167135628915
10;2018-08-11;2,75;100127;29144,46;325,176187400546
11;2018-08-12;1,63;100127;17266,87;197,015037695748
12;2018-08-13;1,09;100127;11601,79;136,659273824224
13;2018-08-14;2,04;100127;21639,09;252,406171536828
14;2018-08-15;4,38;100127;46370,32;514,077274117238
15;2018-08-16;2,2;100127;23347,12;260,159527850651
16;2018-08-17;4,46;100127;47281,98;510,414809905424
17;2018-08-18;1,53;100127;16168,27;183,757416133189
18;2018-08-19;1,05;100127;11077,23;130,882919189633
19;2018-08-20;5,4;100127;57222,81;621,581522609237
20;2018-08-21;4,65;100127;49244,13;561,674879337779
21;2018-08-22;3,89;100127;41215,17;451,747442110016
22;2018-08-23;2,49;100127;26409,31;296,24694474851
23;2018-08-24;2,88;100127;30569,53;336,179672020443
24;2018-08-25;3,69;100127;39150,28;432,580979586241
25;2018-08-26;4,22;100127;44713,2;499,289985785744
26;2018-08-27;1,73;100127;18290,12;202,255363488138
27;2018-08-28;2,5;100127;26484,88;294,199530776876
28;2018-08-29;2,57;100127;27288,29;297,160089614949
29;2018-08-30;1,9;100127;20090,16;218,650598223035
30;2018-08-31;3,9;100127;41295,76;476,407514213893
31;2020-10-31;1;100127;10563,2;127,95134645301
0;2018-09-01;3,7;100127;39254,83;428,446109490667
1;2018-09-02;4,55;100127;48196,39;517,195632771468
2;2018-09-03;2,46;100127;26027,28;290,396585793886
3;2018-09-04;4,72;100127;49986,25;534,008773736513
4;2018-09-05;3,97;100127;42040,76;450,231312251426
5;2018-09-06;3,91;100127;41389,58;467,851008203403
6;2018-09-07;0,91;100127;9616,5;111,423798429726
7;2018-09-08;2,68;100127;28441,46;322,55689455025
8;2018-09-09;2,46;100127;26099,91;295,476238015708
9;2018-09-10;3,72;100127;39420,74;442,462086091768
10;2018-09-11;1,08;100127;11473,12;133,550052424708
11;2018-09-12;3,09;100127;32710,24;349,681284198986
12;2018-09-13;2,79;100127;29586,99;326,123575736286
13;2018-09-14;1,58;100127;16769,43;190,363835326255
14;2018-09-15;3,6;100127;38110,38;433,496494392092
15;2018-09-16;2,04;100127;21584,84;234,944603358104
16;2018-09-17;2,91;100127;30890,6;340,924358926932
17;2018-09-18;4,97;100127;52676,23;540,436473525838
18;2018-09-19;1,66;100127;17549,39;196,561265855577
19;2018-09-20;1,21;100127;12827,92;148,3643616234
20;2018-09-21;2,16;100127;22861,33;251,151342006841
21;2018-09-22;3,44;100127;36461,85;402,133404449724
22;2018-09-23;3,77;100127;39981,07;430,435933430869
23;2018-09-24;3,96;100127;41927,23;463,585144771892
24;2018-09-25;4,03;100127;42731,97;466,822979756158
25;2018-09-26;0,33;100127;3483,27;47,1157880105426
26;2018-09-27;0,86;100127;9124,68;108,374244019248
27;2018-09-28;4,3;100127;45553,2;500,096759198809
28;2018-09-29;1,64;100127;17357,46;197,954316042494
29;2018-09-30;1,57;100127;16680,25;189,037722949112
30;2020-10-31;1;100127;10563,2;127,95134645301
0;2018-10-01;3,2;100127;33889,26;368,497577075462
1;2018-10-02;1,97;100127;20858,41;230,336755777558
2;2018-10-03;3,37;100127;35715,14;394,30677797466
3;2018-10-04;1,48;100127;15728,39;178,906689658608
4;2018-10-05;0,98;100127;10357,93;121,098928911974
5;2018-10-06;0,65;100127;6862,45;83,4410696442679
6;2018-10-07;3,08;100127;32665,23;348,888503237875
7;2018-10-08;0,85;100127;8977,88;106,314203852185
8;2018-10-09;0,65;100127;6910,04;84,373284439291
9;2018-10-10;3,29;100127;34876,46;368,478072754948
10;2018-10-11;3,61;100127;38246,25;406,593029335688
11;2018-10-12;2,98;100127;31532,39;340,549615624353
12;2018-10-13;2,62;100127;27794,33;301,983817877585
13;2018-10-14;3,47;100127;36776,7;397,27774922473
14;2018-10-15;2,74;100127;29077,69;324,015900093356
15;2018-10-16;1,21;100127;12862,23;150,157745251609
16;2018-10-17;1,84;100127;19476,18;222,090948305738
17;2018-10-18;2,95;100127;31260,1;354,020151064229
18;2018-10-19;0,95;100127;10112,01;118,411729581947
19;2018-10-20;2,41;100127;25587,07;304,276227459191
20;2018-10-21;0,82;100127;8730,54;103,462025798724
21;2018-10-22;2,7;100127;28567,24;346,076877647621
22;2018-10-23;0,69;100127;7264,39;88,7452515549147
23;2018-10-24;2,31;100127;24479,99;302,259991593169
24;2018-10-25;1,79;100127;18959,16;235,489896071427
25;2018-10-26;0,95;100127;10107,28;122,879609231685
26;2018-10-27;1,39;100127;14729,67;180,358866019778
27;2018-10-28;1,4;100127;14815,8;200,007544929224
28;2018-10-29;0,47;100127;4928,61;61,2495698214053
29;2018-10-30;0,11;100127;1138,67;18,9256687908583
30;2018-10-31;1,69;100127;17949,31;229,037273386684
31;2020-10-31;1;100127;10563,2;127,95134645301
0;2018-11-01;1,28;100127;13574,48;172,821927805702
1;2018-11-02;0,46;100127;4845,82;61,2299506114004
2;2018-11-03;1,99;100127;21118,84;272,45848782963
3;2018-11-04;1,01;100127;10747,05;141,179796383555
4;2018-11-05;0,14;100127;1461,38;22,8570967287888
5;2018-11-06;0,18;100127;1900,93;28,2331728158545
6;2018-11-07;0,26;100127;2703,47;37,0547771175817
7;2018-11-08;0,85;100127;9018,49;110,739314095214
8;2018-11-09;0,34;100127;3653,63;47,0158716473826
9;2018-11-10;0,19;100127;2013,89;28,7900112264419
10;2018-11-11;0,3;100127;3135,89;41,0991068769887
11;2018-11-12;0,41;100127;4330,42;54,1954778553253
12;2018-11-13;0,28;100127;2970,82;41,1670288367075
13;2018-11-14;0,48;100127;5123,25;63,4625161343914
14;2018-11-15;0,61;100127;6487,36;85,5269897297633
15;2018-11-16;1,36;100127;14411,49;211,420212032945
16;2018-11-17;0,89;100127;9464,42;129,29721683498
17;2018-11-18;0,35;100127;3695,72;51,8346761324398
18;2018-11-19;0,49;100127;5164,55;66,1830618413355
19;2018-11-20;0,46;100127;4892;66,4428975159369
20;2018-11-21;0,14;100127;1462,5;22,5178307200199
21;2018-11-22;0,2;100127;2140,2;30,2078455761319
22;2018-11-23;0,06;100127;659,29;13,2373300711231
23;2018-11-24;0,17;100127;1756,38;26,2286659209557
24;2018-11-25;0,26;100127;2781,49;37,4539870751706
25;2018-11-26;0,96;100127;10164,21;150,448447375073
26;2018-11-27;1,06;100127;11204,82;183,463110434316
27;2018-11-28;0,61;100127;6444,58;100,584551586858
28;2018-11-29;0,06;100127;673,59;13,2630251613426
29;2018-11-30;0,18;100127;1890,73;27,2162638525269
30;2020-10-31;1;100127;10563,2;127,95134645301
0;2018-12-01;0,55;100127;5802,99;84,2791173151647
1;2018-12-02;0,06;100127;651,9;13,2136355472536
2;2018-12-03;0,2;100127;2102,84;30,6472909959388
3;2018-12-04;0,89;100127;9473,87;159,568875327105
4;2018-12-05;0,76;100127;8065,7;129,192524859643
5;2018-12-06;0,12;100127;1266,35;19,8976843384084
6;2018-12-07;0,11;100127;1216,55;19,5351336018743
7;2018-12-08;0,2;100127;2081,5;29,7609882439315
8;2018-12-09;0,35;100127;3669;54,4255337901652
9;2018-12-10;0,61;100127;6485,64;110,540731877223
10;2018-12-11;0,36;100127;3794,2;65,1902142943794
11;2018-12-12;0,17;100127;1782,67;25,937630382246
12;2018-12-13;0,22;100127;2310,02;31,894845783394
13;2018-12-14;0,18;100127;1944,85;27,6667249583663
14;2018-12-15;0,14;100127;1484,78;22,9865416979159
15;2018-12-16;0,05;100127;570,7;11,9969465309986
16;2018-12-17;0,14;100127;1463,31;21,9996779668833
17;2018-12-18;0,08;100127;839,29;14,7430418584579
18;2018-12-19;0,07;100127;774,78;14,1741137952589
19;2018-12-20;0,13;100127;1371,76;21,1071485113336
20;2018-12-21;0,06;100127;622,56;12,4320810830531
21;2018-12-22;0,11;100127;1160,29;18,6005277492688
22;2018-12-23;0,15;100127;1564,05;23,1257073009115
23;2018-12-24;0,7;100127;7398,33;128,966030279247
24;2018-12-25;0,24;100127;2506,21;37,1653223644373
25;2018-12-26;0,42;100127;4435,34;72,5356070117708
26;2018-12-27;0,1;100127;1048,83;17,366133721713
27;2018-12-28;0,65;100127;6922,46;114,758404720074
28;2018-12-29;0,08;100127;804,67;14,5458488098931
29;2018-12-30;0,82;100127;8683,98;156,535188376602
30;2018-12-31;0,17;100127;1757,88;25,7254829592458
31;2020-10-31;1;100127;10563,2;127,95134645301
0;2019-01-01;0,47;100127;4995,73;74,7079274877221
1;2019-01-02;0,93;100127;9821,43;177,976699510221
2;2019-01-03;0,54;100127;5720,32;77,8255670712589
3;2019-01-04;0,38;100127;4013,96;54,0725502893203
4;2019-01-05;0,63;100127;6623,72;101,332380681599
5;2019-01-06;0,22;100127;2315,08;32,229610991051
6;2019-01-07;0,25;100127;2639,99;35,4489256351824
7;2019-01-08;0,21;100127;2242,33;30,8978633203846
8;2019-01-09;1,04;100127;10984,85;189,998110287132
9;2019-01-10;0,19;100127;1983,64;26,8502932803176
10;2019-01-11;0,68;100127;7192,4;109,734232248305
11;2019-01-12;0,16;100127;1689,23;25,1162125889545
12;2019-01-13;0,2;100127;2094,84;29,3899897267456
13;2019-01-14;1,18;100127;12537,79;206,560186860927
14;2019-01-15;0,17;100127;1836,24;26,9051293165545
15;2019-01-16;0,09;100127;977,48;16,9989816513384
16;2019-01-17;0,28;100127;2934,43;40,7748841792089
17;2019-01-18;1,3;100127;13760,81;208,12436075856
18;2019-01-19;0,79;100127;8342,26;124,6557885001
19;2019-01-20;0,69;100127;7332,83;89,9485779580445
20;2019-01-21;0,91;100127;9661,33;139,406097916208
21;2019-01-22;0,19;100127;1988,45;27,5581915425361
22;2019-01-23;0,39;100127;4085,33;50,5402533400235
23;2019-01-24;0,18;100127;1906;27,8123638463689
24;2019-01-25;0,46;100127;4918,52;65,10392456166
25;2019-01-26;0,06;100127;597,18;42,9937023538351
26;2019-01-27;0,23;100127;2447,07;33,5789150445109
27;2019-01-28;0,23;100127;2463,21;33,6604992837769
28;2019-01-29;1,39;100127;14686,9;204,673408147318
29;2019-01-30;0,93;100127;9821,41;117,289469338627
30;2019-01-31;0,07;100127;770,74;25,3088033317746
31;2020-10-31;1;100127;10563,2;127,95134645301
0;2019-02-01;0,58;100127;6127,1;82,3073292046984
1;2019-02-02;0,13;100127;1378,93;21,5604723001529
2;2019-02-03;1,25;100127;13223,84;172,180986754873
3;2019-02-04;0,21;100127;2200,38;31,697370929687
4;2019-02-05;0,72;100127;7666,72;96,1757478706537
5;2019-02-06;0,21;100127;2244,49;31,7829160221958
6;2019-02-07;0,25;100127;2662,74;36,5226563025842
7;2019-02-08;0,48;100127;5114,08;64,7734387631176
8;2019-02-09;0,66;100127;6988,52;87,393231289491
9;2019-02-10;0,44;100127;4618,33;58,232522230984
10;2019-02-11;2,66;100127;28241,25;352,106406725832
11;2019-02-12;1,53;100127;16186,51;201,941727815894
12;2019-02-13;1,05;100127;11136,08;130,964164350697
13;2019-02-14;0,31;100127;3293,6;44,299935415549
14;2019-02-15;2,66;100127;28159,13;334,987450397895
15;2019-02-16;2,02;100127;21356,64;259,281970252485
16;2019-02-17;0,64;100127;6773,75;82,7513594011478
17;2019-02-18;1,63;100127;17222,05;211,879552655976
18;2019-02-19;1,4;100127;14813,79;173,342423703528
19;2019-02-20;0,93;100127;9870,17;116,147949980683
20;2019-02-21;0,38;100127;4049,83;52,0932749075659
21;2019-02-22;1,12;100127;11834,76;135,244152508609
22;2019-02-23;2,09;100127;22131,19;249,484599464849
23;2019-02-24;2,71;100127;28758,9;325,501608982536
24;2019-02-25;2,19;100127;23223,07;257,399316452145
25;2019-02-26;3,14;100127;33255,66;362,348739716756
26;2019-02-27;3,49;100127;36969,59;400,30981749062
27;2019-02-28;3,91;100127;41415,04;438,478964548125
28;2020-10-31;1;100127;10563,2;127,95134645301
0;2019-03-01;2,21;100127;23462,86;259,936740194613
1;2019-03-02;1,29;100127;13626,36;153,230930290795
2;2019-03-03;2,59;100127;27453,67;304,29034111781
3;2019-03-04;0,85;100127;9048,57;105,945880885009
4;2019-03-05;1,04;100127;11066,05;127,432911777041
5;2019-03-06;0,65;100127;6920,14;83,9293729316335
6;2019-03-07;0,49;100127;5240,42;66,1112778425933
7;2019-03-08;3,77;100127;39998,27;439,062723735464
8;2019-03-09;2,42;100127;25668,17;286,59022051113
9;2019-03-10;3,74;100127;39643,44;416,178948877585
10;2019-03-11;4,47;100127;47352,81;483,540741257782
11;2019-03-12;0,84;100127;8912,68;105,450830765946
12;2019-03-13;1,03;100127;10966,05;124,617776756184
13;2019-03-14;0,98;100127;10352,81;121,06863382215
14;2019-03-15;0,69;100127;7319,14;89,3684958511082
15;2019-03-16;1,52;100127;16153,51;181,755924842431
16;2019-03-17;1,86;100127;19756,02;227,039503243383
17;2019-03-18;3,81;100127;40358,75;433,527158243716
18;2019-03-19;5,06;100127;53639,18;570,234119352414
19;2019-03-20;1,92;100127;20399;223,613078519245
20;2019-03-21;1,96;100127;20819,72;236,791226470065
21;2019-03-22;1,83;100127;19379,79;211,448049892145
22;2019-03-23;3,57;100127;37882,41;410,193908918244
23;2019-03-24;3,51;100127;37220,36;427,639984626739
24;2019-03-25;3,08;100127;32642,24;356,354358217415
25;2019-03-26;4,41;100127;46752,24;507,672409258199
26;2019-03-27;1,57;100127;16588,52;188,131744867693
27;2019-03-28;3,24;100127;34323,72;386,97638069301
28;2019-03-29;5,37;100127;56861,9;608,276505270935
29;2019-03-30;4,19;100127;44389,5;484,81994577688
30;2019-03-31;5,45;100127;57778,09;654,645687602005
31;2020-10-31;1;100127;10563,2;127,95134645301
0;2019-04-01;5,45;100127;57757,17;632,552620210871
1;2019-04-02;5,25;100127;55635,72;610,435762355894
2;2019-04-03;2,7;100127;28609,62;312,793976050556
3;2019-04-04;3,92;100127;41560,93;441,978356653699
4;2019-04-05;4,65;100127;49262,4;530,41830818485
5;2019-04-06;4,46;100127;47242,8;497,648819727222
6;2019-04-07;3,94;100127;41707,01;444,915406001345
7;2019-04-08;5,26;100127;55752,65;639,72070299911
8;2019-04-09;6,01;100127;63709,15;709,587760894268
9;2019-04-10;2,01;100127;21328,58;234,959741988344
10;2019-04-11;3,76;100127;39799,67;445,149824089497
11;2019-04-12;5,48;100127;58075,43;658,326249207868
12;2019-04-13;6,12;100127;64501,27;712,937047744081
13;2019-04-14;5,75;100127;60646,2;676,969003353852
14;2019-04-15;6,17;100127;65413,26;731,973727979816
15;2019-04-16;5,48;100127;58043,53;632,145963887651
16;2019-04-17;6,2;100127;65663,51;716,519807943668
17;2019-04-18;6,22;100127;65916,61;718,708304988696
18;2019-04-19;6,19;100127;65635,13;703,227464675919
19;2019-04-20;6,24;100127;66152,54;715,25375784641
20;2019-04-21;6,21;100127;65860,05;708,013984412899
21;2019-04-22;6,33;100127;67118,49;728,329515334623
22;2019-04-23;6,24;100127;66154,33;731,461740981637
23;2019-04-24;3,63;100127;38493,85;424,397443274066
24;2019-04-25;3,64;100127;38617,25;444,756757702876
25;2019-04-26;2,8;100127;29727,95;330,032789487071
26;2019-04-27;2,68;100127;28407,78;319,488243862274
27;2019-04-28;4,72;100127;50049,34;554,735696222809
28;2019-04-29;6,22;100127;65946,82;727,068396641413
29;2019-04-30;5,82;100127;61713,39;675,880874125158
30;2020-10-31;1;100127;10563,2;127,95134645301
0;2019-05-01;2,34;100127;24776,3;277,961186949293
1;2019-05-02;5,04;100127;53417,11;656,084517826171
2;2019-05-03;4,23;100127;44799,2;533,140239145445
3;2019-05-04;4,69;100127;49654,27;564,80549332225
4;2019-05-05;5,13;100127;54395,25;639,314409077778
5;2019-05-06;4,69;100127;49754,85;592,336622386816
6;2019-05-07;4,48;100127;47505,92;568,958378177389
7;2019-05-08;3,83;100127;40637,65;448,084584189886
8;2019-05-09;3,4;100127;35998,41;415,094721265586
9;2019-05-10;1,96;100127;20754,7;231,137414769199
10;2019-05-11;6,24;100127;66106,97;774,966188406949
11;2019-05-12;6,3;100127;66791,81;805,377047808387
12;2019-05-13;5,77;100127;61191,53;734,058751576404
13;2019-05-14;5,99;100127;63457,06;679,967286366967
14;2019-05-15;5,1;100127;54038;601,941231117063
15;2019-05-16;6,57;100127;69643,27;769,68308613695
16;2019-05-17;1;100127;10607,42;125,891122965472
17;2019-05-18;3,57;100127;37841,95;411,24396555556
18;2019-05-19;4,96;100127;52568,07;589,752430057495
19;2019-05-20;5,96;100127;63162,46;708,692162217202
20;2019-05-21;1,7;100127;17996,21;204,38696515527
21;2019-05-22;1,51;100127;16003,93;172,56984514011
22;2019-05-23;5,73;100127;60734,66;685,79132058644
23;2019-05-24;2,55;100127;27034,46;311,170062360321
24;2019-05-25;4,7;100127;49786,27;623,730472994675
25;2019-05-26;3,63;100127;38475,71;475,129589894876
26;2019-05-27;2,93;100127;31015,39;351,124228313048
27;2019-05-28;5;100127;52999,03;639,466052599948
28;2019-05-29;5,19;100127;55012,98;640,365163359176
29;2019-05-30;1,7;100127;17972,23;203,198766371962
30;2019-05-31;6,42;100127;68022,4;787,299831602944
31;2020-10-31;1;100127;10563,2;127,95134645301
0;2019-06-01;2,79;100127;29535,1;324,915773494282
1;2019-06-02;6,07;100127;64312,01;709,616441591265
2;2019-06-03;3,24;100127;34297,38;374,893638576267
3;2019-06-04;6,75;100127;71578,4;819,443838750118
4;2019-06-05;5,67;100127;60130,12;644,029534031409
5;2019-06-06;4,57;100127;48436,38;555,505609347313
6;2019-06-07;6,43;100127;68174,3;775,006096258337
7;2019-06-08;3,03;100127;32143,56;362,183348688592
8;2019-06-09;4,77;100127;50560,26;617,747055255111
9;2019-06-10;4,13;100127;43731,42;468,284891337275
10;2019-06-11;1,78;100127;18811,84;213,498318650341
11;2019-06-12;1,09;100127;11573,55;136,578651639683
12;2019-06-13;5,11;100127;54138,72;626,835675832769
13;2019-06-14;5,35;100127;56724,21;645,684593824384
14;2019-06-15;2,72;100127;28847,35;309,977886013744
15;2019-06-16;5,65;100127;59834,47;647,087727043727
16;2019-06-17;4,76;100127;50400,21;579,416309908932
17;2019-06-18;4,19;100127;44378,68;499,927108226746
18;2019-06-19;5,92;100127;62772,62;704,318099640812
19;2019-06-20;3,14;100127;33297,85;367,831164390093
20;2019-06-21;4,27;100127;45270,92;523,591599098218
21;2019-06-22;5,78;100127;61212,9;726,487753004326
22;2019-06-23;5,9;100127;62544,85;706,731302767884
23;2019-06-24;6,82;100127;72230,01;791,601432223329
24;2019-06-25;6;100127;63582,37;688,553092900271
25;2019-06-26;4,67;100127;49489,8;563,537185022231
26;2019-06-27;6,27;100127;66415,73;770,753659482211
27;2019-06-28;6,33;100127;67088,89;758,703833951468
28;2019-06-29;6,56;100127;69570,92;772,897847453922
29;2019-06-30;6,59;100127;69802,64;758,229650961644
30;2020-10-31;1;100127;10563,2;127,95134645301
0;2019-07-01;4,09;100127;43326,75;522,434861491731
1;2019-07-02;5,06;100127;53637,1;643,112890971455
2;2019-07-03;4,92;100127;52141,58;602,619119181345
3;2019-07-04;1,9;100127;20168,99;230,622898499839
4;2019-07-05;7,13;100127;75594,18;861,503240271124
5;2019-07-06;3,57;100127;37835,51;431,806189849061
6;2019-07-07;3,13;100127;33217,44;372,529990012319
7;2019-07-08;5,04;100127;53445,74;628,077602117822
8;2019-07-09;5,95;100127;63081,3;742,222612385705
9;2019-07-10;7,07;100127;74891,95;844,554207371068
10;2019-07-11;2,72;100127;28865,27;317,619953051599
11;2019-07-12;4,46;100127;47287,8;523,218932844438
12;2019-07-13;6,1;100127;64666,33;756,410773596525
13;2019-07-14;3,3;100127;35025,5;381,372272283469
14;2019-07-15;3,01;100127;31947,83;351,539003955288
15;2019-07-16;4,44;100127;47057,04;553,543088630125
16;2019-07-17;4,99;100127;52865,39;597,145947460203
17;2019-07-18;5,02;100127;53223,54;598,016902389677
18;2019-07-19;3,23;100127;34255,72;375,681962499183
19;2019-07-20;3,17;100127;33603,58;365,018153102256
20;2019-07-21;2,7;100127;28582,45;305,656470870557
21;2019-07-22;1,87;100127;19770,47;225,769441644127
22;2019-07-23;5,99;100127;63487,55;722,499069665284
23;2019-07-24;6,42;100127;68049,53;724,878104218174
24;2019-07-25;6,19;100127;65581,99;694,344930445691
25;2019-07-26;6,02;100127;63819,97;689,644204896182
26;2019-07-27;5,88;100127;62275,61;683,445339902485
27;2019-07-28;4,18;100127;44269,2;472,511136933262
28;2019-07-29;4,11;100127;43526,95;463,864767346885
29;2019-07-30;3,5;100127;37146,7;405,529413373434
30;2019-07-31;2,84;100127;30072,05;332,657269963776
31;2020-10-31;1;100127;10563,2;127,95134645301
0;2019-08-01;2,46;100127;26046,32;278,504369798307
1;2019-08-02;4,79;100127;50750,78;569,364555942672
2;2019-08-03;5,47;100127;58012,14;643,962628778279
3;2019-08-04;2,36;100127;24960,5;275,381540062401
4;2019-08-05;2,37;100127;25165,4;282,425706001874
5;2019-08-06;4,73;100127;50127,96;577,048540570308
6;2019-08-07;3,15;100127;33348;366,77722640527
7;2019-08-08;3,41;100127;36108,61;401,894515618356
8;2019-08-09;3,75;100127;39698,67;440,827625745902
9;2019-08-10;3,46;100127;36688,27;413,148600953391
10;2019-08-11;3,72;100127;39423,36;456,346098723429
11;2019-08-12;5,19;100127;55016,38;640,482600987824
12;2019-08-13;3,81;100127;40345,13;438,59638240242
13;2019-08-14;4,56;100127;48379,89;551,948916941239
14;2019-08-15;1,67;100127;17717,07;200,172045079038
15;2019-08-16;2,97;100127;31476,5;340,907280988518
16;2019-08-17;2,25;100127;23794,34;262,03258945869
17;2019-08-18;1,59;100127;16853,97;195,946319575166
18;2019-08-19;3,89;100127;41236,37;457,26642877389
19;2019-08-20;4,92;100127;52113,93;591,168325912112
20;2019-08-21;4,53;100127;47957,65;536,394886220053
21;2019-08-22;3,24;100127;34322,62;373,16737517957
22;2019-08-23;3,09;100127;32716,06;357,935619692066
23;2019-08-24;5,53;100127;58630,14;619,168063540141
24;2019-08-25;5,77;100127;61186,89;637,451056723648
25;2019-08-26;4,12;100127;43665,63;466,588988423002
26;2019-08-27;4,54;100127;48068,96;514,501996305821
27;2019-08-28;4,74;100127;50234,81;530,216153135371
28;2019-08-29;2,2;100127;23340,58;256,710843081754
29;2019-08-30;3,45;100127;36531,44;392,546925254414
30;2019-08-31;5,27;100127;55891,64;587,204075107002
31;2020-10-31;1;100127;10563,2;127,95134645301
0;2019-09-01;3,04;100127;32235,53;357,250055219156
1;2019-09-02;4,22;100127;44673,68;501,245310480298
2;2019-09-03;3,63;100127;38445;439,547972925675
3;2019-09-04;1,01;100127;10697,68;127,246238860833
4;2019-09-05;3,19;100127;33771,91;385,154011329921
5;2019-09-06;1,98;100127;20975,81;236,962173381895
6;2019-09-07;3,79;100127;40219,05;452,270631842401
7;2019-09-08;2,56;100127;27088,73;303,441770032169
8;2019-09-09;1,24;100127;13149,13;152,466128485404
9;2019-09-10;0,85;100127;8957,43;108,624431195278
10;2019-09-11;1,53;100127;16226,08;182,187112699123
11;2019-09-12;3,23;100127;34252,26;376,592939497463
12;2019-09-13;4,2;100127;44478,03;492,984541627701
13;2019-09-14;3,85;100127;40843,98;446,707389256016
14;2019-09-15;2,78;100127;29455,35;331,464403701685
15;2019-09-16;4,43;100127;46917,63;510,916848777296
16;2019-09-17;3,45;100127;36510,99;406,988068371505
17;2019-09-18;3,41;100127;36100,86;398,887195256477
18;2019-09-19;3,79;100127;40170,03;432,324449880712
19;2019-09-20;1,77;100127;18738,17;213,091592606251
20;2019-09-21;4,01;100127;42549,74;446,39579214206
21;2019-09-22;4,9;100127;51941,58;536,694599488559
22;2019-09-23;1,23;100127;13051,77;149,009514939813
23;2019-09-24;0,58;100127;6131,6;77,2319823628811
24;2019-09-26;0,75;100127;7968,3;94,9106351870763
25;2019-09-27;2,28;100127;24197,55;272,714433800377
26;2019-09-28;1,58;100127;16711,83;189,642521080511
27;2019-09-29;1,41;100127;14912,58;171,79023903071
28;2019-09-30;2,69;100127;28511,13;310,829893477959
29;2020-10-31;1;100127;10563,2;127,95134645301
0;2019-10-01;2,17;100127;23000,86;248,073381100636
1;2019-10-02;1,83;100127;19434,53;215,457866284936
2;2019-10-03;1,22;100127;12978,28;148,25888005082
3;2019-10-04;0,89;100127;9462,26;111,512291306787
4;2019-10-05;3,69;100127;39057,63;416,2817539281
5;2019-10-06;2,5;100127;26535,08;288,269428532433
6;2019-10-07;3,59;100127;38092,3;403,522765811143
7;2019-10-08;2,56;100127;27176,32;312,690126550191
8;2019-10-09;2,32;100127;24616,38;273,602548075012
9;2019-10-10;2,85;100127;30215,15;327,061219374311
10;2019-10-11;1,1;100127;11696,69;136,700863224362
11;2019-10-12;1,99;100127;21130,97;237,984989116179
12;2019-10-13;0,77;100127;8174,31;97,183091534893
13;2019-10-14;1,47;100127;15620,76;178,169225208454
14;2019-10-15;0,63;100127;6667,13;82,1616470189496
15;2019-10-16;0,45;100127;4804,71;61,5717572798565
16;2019-10-17;0,78;100127;8317,67;98,6547420679277
17;2019-10-18;0,66;100127;7004,68;84,5264444031954
18;2019-10-19;1,87;100127;19793,42;227,442012921975
19;2019-10-20;2;100127;21207,43;247,130294795181
20;2019-10-21;0,49;100127;5190,25;65,0753808589012
21;2019-10-22;1,26;100127;13405,23;158,741969697237
22;2019-10-23;1,23;100127;13014,36;153,185088090696
23;2019-10-24;0,49;100127;5238,18;64,9954791599022
24;2019-10-25;1,66;100127;17563,7;210,195286036395
25;2019-10-26;0,26;100127;2710,79;38,1433626796842
26;2019-10-27;1,81;100127;19141,77;239,341475259831
27;2019-10-28;2,07;100127;21983,33;268,114149409062
28;2019-10-29;2,61;100127;27682,79;337,712208663761
29;2019-10-30;0,73;100127;7725,65;94,3561470340395
30;2019-10-31;0,92;100127;9712,28;115,640073130906
31;2020-10-31;1;100127;10563,2;127,95134645301
0;2019-11-01;0,9;100127;9563,59;113,068279108123
1;2019-11-02;0,23;100127;2409,03;34,3158635478998
2;2019-11-03;0,34;100127;3602,43;47,375712181732
3;2019-11-04;0,22;100127;2365,35;33,5489194010934
4;2019-11-05;0,12;100127;1260,16;20,7361709689024
5;2019-11-06;0,45;100127;4812,3;60,0927143620246
6;2019-11-07;0,5;100127;5314,7;67,1900069590573
7;2019-11-08;0,68;100127;7241,76;94,0483381354864
8;2019-11-09;0,31;100127;3305,47;43,7165504563383
9;2019-11-10;0,87;100127;9172,67;121,868784446428
10;2019-11-11;1,03;100127;10881,44;136,933598003859
11;2019-11-12;0,36;100127;3781,2;48,9866430226456
12;2019-11-13;1,21;100127;12831,03;179,332410000936
13;2019-11-14;0,76;100127;8097,13;116,118379868135
14;2019-11-15;0,2;100127;2085,91;30,0393454465499
15;2019-11-16;0,06;100127;642,7;12,9177768835445
16;2019-11-17;0,73;100127;7775,14;100,538959633527
17;2019-11-18;0,05;100127;489,85;11,1970594492351
18;2019-11-19;0,17;100127;1822,08;26,4949371628748
19;2019-11-20;0,87;100127;9210,26;132,180406951718
20;2019-11-21;0,14;100127;1476,82;22,7310028215918
21;2019-11-22;0,34;100127;3566,76;47,2701813133171
22;2019-11-23;0,04;100127;467,56;10,6977666312048
23;2019-11-24;0,07;100127;774,86;14,3040238719815
24;2019-11-25;0,03;100127;270,85;8,35253814008675
25;2019-11-26;0,07;100127;712,89;13,83485493102
26;2019-11-27;0,1;100127;1102,18;18,2652752244611
27;2019-11-28;0,17;100127;1781,34;26,2331889257147
28;2019-11-29;0,99;100127;10467,32;171,358286979155
29;2019-11-30;1,08;100127;11418;188,956937427085
30;2020-10-31;1;100127;10563,2;127,95134645301
0;2019-12-01;0,56;100127;5949,95;76,8962132315372
1;2019-12-02;0,97;100127;10227,62;169,22804347955
2;2019-12-03;0,13;100127;1352,41;21,3409640036985
3;2019-12-04;0,34;100127;3584,74;47,9665587395119
4;2019-12-05;0,4;100127;4218,38;58,2943373568195
5;2019-12-06;0,11;100127;1208,35;19,637275824973
6;2019-12-07;0,53;100127;5583,57;84,9987524957385
7;2019-12-08;0,17;100127;1832,5;27,2083896446253
8;2019-12-09;0,47;100127;5004,7;76,7970772154815
9;2019-12-10;0,41;100127;4334,87;62,5208165063092
10;2019-12-11;0,44;100127;4659,66;72,1382756287873
11;2019-12-12;0,21;100127;2250,9;32,7304257002519
12;2019-12-13;0,21;100127;2242,94;32,0979915390332
13;2019-12-14;0,13;100127;1342,04;20,9768223328476
14;2019-12-15;0,15;100127;1547,04;23,1784268959338
15;2019-12-16;0,11;100127;1145,46;18,7681278304626
16;2019-12-17;0,04;100127;452,2;10,4260513343841
17;2019-12-18;0,55;100127;5849,1;97,6577819565666
18;2019-12-19;0,4;100127;4194,73;59,3026592545757
19;2019-12-20;0,14;100127;1486,89;22,5025760539127
20;2019-12-21;0,31;100127;3317,49;48,6758769991117
21;2019-12-22;0,08;100127;837,21;15,0658063261233
22;2019-12-23;0,15;100127;1622,05;23,4793257261107
23;2019-12-24;0,24;100127;2514,42;35,2817433384899
24;2019-12-25;0,33;100127;3513,36;53,3905512485647
25;2019-12-26;0,74;100127;7870,11;135,707659689985
26;2019-12-27;0,2;100127;2154,33;30,1407087481426
27;2019-12-28;0,19;100127;2055,57;27,4322605710577
28;2019-12-29;0,08;100127;878,71;15,1546999945735
29;2019-12-30;0,39;100127;4150,67;59,2925623147877
30;2019-12-31;0,64;100127;6763,94;110,297312765643
31;2020-10-31;1;100127;10563,2;127,95134645301
0;2020-01-01;0,44;100127;4690,45;66,1156281136426
1;2020-01-02;0,07;100127;737,97;13,7049365920977
2;2020-01-03;0,39;100127;4117,11;55,8787502595384
3;2020-01-04;0,85;100127;8955,79;154,150903148746
4;2020-01-05;0,25;100127;2692,95;36,9740972280312
5;2020-01-06;0,12;100127;1231,02;19,6129024767077
6;2020-01-07;0,36;100127;3819,39;50,8646837140064
7;2020-01-08;0,45;100127;4771,72;62,384665120786
8;2020-01-09;0,05;100127;492,43;11,1601240507433
9;2020-01-10;0,13;100127;1354,7;20,8681215186615
10;2020-01-11;0,07;100127;779,12;14,2535113711791
11;2020-01-12;0,31;100127;3262,29;42,0591385194669
12;2020-01-13;0,64;100127;6805,5;102,653639671253
13;2020-01-14;0,59;100127;6297,97;85,020148607426
14;2020-01-15;0,15;100127;1590,32;23,71554354247
15;2020-01-16;0,6;100127;6380,86;90,7313423058638
16;2020-01-17;0,64;100127;6819,05;92,8530651770405
17;2020-01-18;0,36;100127;3779,57;49,5759180282704
18;2020-01-19;1,26;100127;13359,4;208,236890554838
19;2020-01-20;0,19;100127;2011,26;28,4634444983629
20;2020-01-21;0,12;100127;1223,57;20,0891951194043
21;2020-01-22;1,19;100127;12634,36;188,997757944005
22;2020-01-23;0,35;100127;3727,69;47,7570978334142
23;2020-01-24;0,21;100127;2235,66;31,2922937298111
24;2020-01-25;0,49;100127;5162,86;64,1357052334941
25;2020-01-26;0,18;100127;1875,38;27,4073233386083
26;2020-01-27;0,53;100127;5569,92;70,8562678665979
27;2020-01-28;0,47;100127;5030,83;64,2287708061109
28;2020-01-29;0,79;100127;8422,66;110,721144067729
29;2020-01-30;0,36;100127;3790,64;48,844594871638
30;2020-01-31;0,43;100127;4542,01;57,338157460793
31;2020-10-31;1;100127;10563,2;127,95134645301
0;2020-02-01;0,34;100127;3588,85;46,425592829102
1;2020-02-02;1,3;100127;13765,53;187,654795119281
2;2020-02-03;0,39;100127;4145,21;54,149418173192
3;2020-02-04;0,63;100127;6678,56;85,5048069541555
4;2020-02-05;1,63;100127;17305,68;226,995391831208
5;2020-02-06;0,67;100127;7108,39;88,3269988970918
6;2020-02-07;0,36;100127;3854,89;49,8873223872911
7;2020-02-08;0,78;100127;8251,17;102,793673586546
8;2020-02-09;0,08;100127;887,43;16,5641049326307
9;2020-02-10;0,66;100127;7038,99;86,6884389727232
10;2020-02-11;0,4;100127;4261,61;54,6412499601567
11;2020-02-12;0,56;100127;5899,31;71,9586146288606
12;2020-02-13;1,59;100127;16816,01;208,060358422152
13;2020-02-14;0,82;100127;8732,91;106,876291214063
14;2020-02-15;0,32;100127;3350,04;44,3488905210769
15;2020-02-16;0,41;100127;4356,21;55,1598868499199
16;2020-02-17;0,44;100127;4713,62;59,4027445212738
17;2020-02-18;1,51;100127;16038,43;192,229777761829
18;2020-02-19;1,62;100127;17219,71;204,747857556025
19;2020-02-20;0,5;100127;5298,51;65,169797786748
20;2020-02-21;1,12;100127;11885,75;144,391421761763
21;2020-02-22;0,83;100127;8783,83;102,53271147425
22;2020-02-23;1,08;100127;11492,34;134,19793890249
23;2020-02-24;0,8;100127;8474,38;99,6371740360523
24;2020-02-25;0,65;100127;6874,8;82,8130544529755
25;2020-02-26;0,53;100127;5668,64;105,395696931464
26;2020-02-27;2,09;100127;22191,67;247,947877929874
27;2020-02-28;2,39;100127;25372,32;278,832696150449
28;2020-02-29;0,55;100127;5848,68;71,0694369756472
29;2020-10-31;1;100127;10563,2;127,95134645301
0;2020-03-01;1,98;100127;5626,73;61,0994377027793
1;2020-03-02;3;100127;8529,73;91,9861538206386
2;2020-03-03;0,52;100127;1488,55;18,3652555404521
3;2020-03-04;2,61;100127;7425,44;80,1043557047113
4;2020-03-05;2,4;100127;6820,41;73,2884051237634
5;2020-03-06;1,21;100127;3454,71;38,8169402646769
6;2020-03-07;1,9;100127;5410,38;57,4280828432449
7;2020-03-08;0,35;100127;1006,67;13,1073450628961
8;2020-03-09;1,58;100127;4497,19;49,8400794350531
9;2020-03-10;0,63;100127;1798,3;21,4703442576743
10;2020-03-11;4,5;100127;12807,57;135,749389143653
11;2020-03-12;1,89;100127;5388,16;59,0783361204389
12;2020-03-13;2,69;100127;7641,63;84,6295451226057
13;2020-03-14;4,99;100127;14192,27;146,612235109214
14;2020-03-15;0,47;100127;1346,34;16,9069836607999
15;2020-03-16;2,34;100127;6664,47;75,987294002871
16;2020-03-17;1,05;100127;2976,5;34,235200582826
17;2020-03-18;1,29;100127;3678,2;41,3620370954242
18;2020-03-19;4,27;100127;12142,65;135,448749587772
19;2020-03-20;4,71;100127;13379,29;140,21054402672
20;2020-03-21;4,75;100127;13502,15;144,778042888735
21;2020-03-22;4,66;100127;49341,37;539,334658555198
22;2020-03-23;5,45;100127;57739,88;609,833663528162
23;2020-03-24;4,92;100127;52114,3;540,05273458222
24;2020-03-25;5,49;100127;58208,6;615,93913361497
25;2020-03-26;5,53;100127;58584,3;610,868727681315
26;2020-03-27;5,51;100127;58436,44;605,83039470048
27;2020-03-28;4,67;100127;49533,54;546,614315305847
28;2020-03-29;4,96;100127;52559,06;578,734390330061
29;2020-03-30;5,63;100127;59621,35;652,894317277747
30;2020-03-31;3,37;100127;35701,16;386,356697785052
31;2020-10-31;1;100127;10563,2;127,95134645301
0;2020-04-01;2,07;100127;21902,15;243,774378610824
1;2020-04-02;2;100127;21205,96;235,205476172497
2;2020-04-03;4,86;100127;51510,1;609,595038825945
3;2020-04-04;3,85;100127;40822,24;453,041438139175
4;2020-04-05;5,83;100127;61741,51;666,582371142137
5;2020-04-06;5,78;100127;61276,09;653,089248350607
6;2020-04-07;5,79;100127;61374,34;670,021834951199
7;2020-04-08;4,26;100127;45160,38;493,859106958158
8;2020-04-09;5,92;100127;62742,7;700,208128229688
9;2020-04-10;5,59;100127;59255,72;653,449019256126
10;2020-04-11;1,34;100127;14245,21;163,983885253211
11;2020-04-12;5,15;100127;54631,66;601,417727885863
12;2020-04-13;5,24;100127;55542,57;653,440659774319
13;2020-04-14;5,65;100127;59884,79;689,281525827952
14;2020-04-15;5,37;100127;56948,05;648,540925028943
15;2020-04-16;4,99;100127;52912,25;605,532827804561
16;2020-04-17;5,62;100127;59582,34;651,796252222388
17;2020-04-18;5,95;100127;63050,89;687,854139070977
18;2020-04-19;6,31;100127;66928,1;735,431406728612
19;2020-04-20;6,26;100127;66318,01;724,404686991484
20;2020-04-21;6,32;100127;66929,8;733,346156070404
21;2020-04-22;6,36;100127;67369,42;735,386101181209
22;2020-04-23;6,22;100127;65954,5;719,121430871171
23;2020-04-24;4,89;100127;51875,12;573,246985117378
24;2020-04-25;4,74;100127;50222,51;556,461835510672
25;2020-04-26;3,66;100127;38790,54;456,863551867832
26;2020-04-27;0,66;100127;6946,33;85,7900378796802
27;2020-04-28;3,74;100127;39652,93;449,866929651713
28;2020-04-29;3,51;100127;37185,61;401,649658657413
29;2020-04-30;1,32;100127;13993,36;159,683306967245
30;2020-10-31;1;100127;10563,2;127,95134645301
0;2020-05-01;2,91;100127;30790,66;327,952192295469
1;2020-05-02;2,95;100127;31230,6;342,858939609826
2;2020-05-03;5,8;100127;61447,08;735,373899389153
3;2020-05-04;5,7;100127;60397,68;724,989800505882
4;2020-05-05;5,65;100127;59832,09;702,610601387365
5;2020-05-06;5,96;100127;63114,21;743,523479629151
6;2020-05-07;6,57;100127;69611,86;796,549553606219
7;2020-05-08;5,18;100127;54919,24;612,042361673237
8;2020-05-09;5,71;100127;60492,91;691,212669751943
9;2020-05-10;3,27;100127;34661,48;374,893465300379
10;2020-05-11;6,07;100127;64287,54;775,864432879268
11;2020-05-12;4,55;100127;48237,58;509,304298905887
12;2020-05-13;5,45;100127;57775,16;669,992751651002
13;2020-05-14;5,32;100127;56387,97;643,616986571018
14;2020-05-15;4,79;100127;50753,5;607,169781663734
15;2020-05-16;3,09;100127;32732,78;359,63895920112
16;2020-05-17;3,6;100127;38130,75;440,371966373646
17;2020-05-18;1,56;100127;16564,62;188,575416872854
18;2020-05-19;5,28;100127;55984,81;699,921559440765
19;2020-05-20;6,77;100127;71760,95;808,769765874112
20;2020-05-21;6,3;100127;66800,09;741,599068912837
21;2020-05-22;3,1;100127;32903,83;355,160865340233
22;2020-05-23;5,3;100127;56161,91;674,483511207602
23;2020-05-24;2,12;100127;22441,94;251,007750647858
24;2020-05-25;3,42;100127;36198,39;414,505524909292
25;2020-05-26;5,6;100127;59384,3;663,501717867605
26;2020-05-27;5,31;100127;56326,23;602,613533618017
27;2020-05-28;6,65;100127;70472,38;815,75481340898
28;2020-05-29;7,02;100127;74376,31;836,96507573944
29;2020-05-30;6,83;100127;72374,69;813,866731702959
30;2020-05-31;6,81;100127;72140,59;806,969568095394
31;2020-10-31;1;100127;10563,2;127,95134645301
0;2020-06-01;6,89;100127;73055,48;799,275906258313
1;2020-06-02;6,44;100127;68204,02;738,602366021147
2;2020-06-03;4,56;100127;48306,91;552,696764795486
3;2020-06-04;2,23;100127;23667,36;264,961379844561
4;2020-06-05;4,52;100127;47851,74;588,408302007155
5;2020-06-06;4,1;100127;43464,03;486,931107044565
6;2020-06-07;4,43;100127;46980,25;532,617557207813
7;2020-06-08;4,3;100127;45562,02;496,889347715377
8;2020-06-09;3,99;100127;42253,34;457,212485176445
9;2020-06-10;5,83;100127;61826,84;666,451607719475
10;2020-06-11;5,01;100127;53058,71;610,125749638759
11;2020-06-12;1,77;100127;18807,16;213,521127769426
12;2020-06-13;2,26;100127;23920,73;266,520311235358
13;2020-06-14;6,92;100127;73304,93;833,727076108722
14;2020-06-15;7,03;100127;74522,1;811,704655002739
15;2020-06-16;6,87;100127;72782,43;786,670893397591
16;2020-06-17;3,76;100127;39866,61;416,967485829173
17;2020-06-18;4,64;100127;49138,28;524,24793136548
18;2020-06-19;1,78;100127;18817,39;213,409539522265
19;2020-06-20;1,22;100127;12907,3;152,224338312742
20;2020-06-21;6,09;100127;64533,04;745,651708616965
21;2020-06-22;5,57;100127;59077,74;720,526781388886
22;2020-06-23;6,71;100127;71092,01;787,238937177067
23;2020-06-24;6,72;100127;71192,64;762,942438553754
24;2020-06-25;6,8;100127;72031,78;789,700096947164
25;2020-06-26;6,46;100127;68421,51;747,808170850614
26;2020-06-27;4,44;100127;47032,53;532,516712980317
27;2020-06-28;3,03;100127;32131,48;355,315556530621
28;2020-06-29;4,59;100127;48690,71;578,732513408868
29;2020-06-30;3,29;100127;34899,14;413,319535637578
30;2020-10-31;1;100127;10563,2;127,95134645301
0;2020-07-01;3,55;100127;37572,5;411,209281452483
1;2020-07-02;5,72;100127;60636,41;718,132676734434
2;2020-07-03;2,92;100127;30988,41;341,492152608754
3;2020-07-04;1,49;100127;15753,48;184,789777032074
4;2020-07-05;3,07;100127;32578,29;380,468433698739
5;2020-07-06;4,28;100127;45325,93;519,210695947453
6;2020-07-07;4,06;100127;42993,33;511,394950924184
7;2020-07-08;4,67;100127;49509,5;577,074926101546
8;2020-07-09;5,67;100127;60125,78;692,221770750081
9;2020-07-10;4,61;100127;48812,13;526,754809680335
10;2020-07-11;4,96;100127;52544,23;605,00892798281
11;2020-07-12;3,29;100127;34821,96;382,11073215532
12;2020-07-13;4,95;100127;52501,32;611,277419117988
13;2020-07-14;1,81;100127;19213,64;218,472719072256
14;2020-07-15;3,25;100127;34411,87;378,52165487404
15;2020-07-16;3,24;100127;34352,13;379,521257263767
16;2020-07-17;4,9;100127;51900,75;589,728167662384
17;2020-07-18;3,95;100127;41849,9;478,134207608922
18;2020-07-19;1,87;100127;19821,85;221,650886863605
19;2020-07-20;5,38;100127;57068,46;655,919059613839
20;2020-07-21;6,1;100127;64696,16;763,286704908587
21;2020-07-22;5,8;100127;61468,87;717,16985759979
22;2020-07-23;3,28;100127;34721,09;385,510165749174
23;2020-07-24;3,2;100127;33892,56;393,799981529463
24;2020-07-25;4,06;100127;43021,39;476,06797376151
25;2020-07-26;3,07;100127;32492,67;354,600220867048
26;2020-07-27;3,64;100127;38603,84;432,229143970317
27;2020-07-28;3,98;100127;42195,74;487,142262265102
28;2020-07-29;2,75;100127;29110,41;322,242966394401
29;2020-07-30;3,35;100127;35533,81;390,952526733586
30;2020-07-31;5,39;100127;57118,16;641,851965386539
31;2020-10-31;1;100127;10563,2;127,95134645301
0;2020-08-01;5,84;100127;61843,05;685,454541424362
1;2020-08-02;3,19;100127;33766,42;386,610952595618
2;2020-08-03;4,3;100127;45610,19;491,647065479826
3;2020-08-04;4,7;100127;49839,47;583,335295333193
4;2020-08-05;1,71;100127;18133,02;205,477684761905
5;2020-08-06;3,93;100127;41641;441,652641292072
6;2020-08-07;6,15;100127;65173,12;680,089922209095
7;2020-08-08;4,78;100127;50662,34;531,914266691002
8;2020-08-09;5,17;100127;54781,52;578,014424626412
9;2020-08-10;5,14;100127;54475,83;587,014432470337
10;2020-08-11;5,88;100127;62313,49;652,667655285674
11;2020-08-12;6,03;100127;63938,07;679,871815518508
12;2020-08-13;6,07;100127;64349,23;677,026194625853
13;2020-08-14;5,96;100127;63115,48;659,768607905198
14;2020-08-15;5,61;100127;59417,94;626,934528315145
15;2020-08-16;5,86;100127;62082,35;648,04921129315
16;2020-08-17;5,87;100127;62256,51;653,71550753633
17;2020-08-18;2,96;100127;31348,46;346,496720509897
18;2020-08-19;3,99;100127;42297,12;481,176825055607
19;2020-08-20;0,93;100127;9902,25;120,662715327757
20;2020-08-21;2,9;100127;30718,73;345,559529347262
21;2020-08-22;3,75;100127;39702,61;455,995427926277
22;2020-08-23;3,36;100127;35615,95;411,378162921474
23;2020-08-24;3,42;100127;36254,06;399,795664470076
24;2020-08-25;4,44;100127;47037,84;544,619381952763
25;2020-08-26;2,35;100127;24952,93;291,521661532889
26;2020-08-27;2,69;100127;28468,28;313,900961458186
27;2020-08-28;1,38;100127;14651,04;168,69616329392
28;2020-08-29;2,52;100127;26711,48;298,866268668487
29;2020-08-30;3,8;100127;40303,73;444,402668420823
30;2020-08-31;5,7;100127;60452,84;645,320552958501
31;2020-10-31;1;100127;10563,2;127,95134645301
0;2020-09-01;5,3;100127;56188,99;615,166935649095
1;2020-09-02;5,46;100127;57825,06;625,993014397636
2;2020-09-03;2,34;100127;24847,37;269,415001492931
3;2020-09-04;3,36;100127;35631,12;402,332257046864
4;2020-09-05;3,71;100127;39352,39;446,616019478823
5;2020-09-06;4,33;100127;45845,12;520,118018363696
6;2020-09-07;3,91;100127;41424,8;456,92181801202
7;2020-09-08;3,83;100127;40588,17;464,717049299655
8;2020-09-09;2,22;100127;23564,4;265,797618000646
9;2020-09-10;4,13;100127;43753,41;482,71795151466
10;2020-09-11;2,01;100127;21331,81;238,842301067392
11;2020-09-12;1,57;100127;16680,82;184,098006023695
12;2020-09-13;0,86;100127;9144,64;108,43645573611
13;2020-09-14;4,66;100127;49340,83;520,550892734833
14;2020-09-15;4,25;100127;45029,19;472,718839813322
15;2020-09-16;2,99;100127;31648,1;340,723233890776
16;2020-09-17;5,02;100127;53157,96;558,422444011173
17;2020-09-18;5,02;100127;53201,53;559,002800861639
18;2020-09-19;2,43;100127;25726,11;275,295668879782
19;2020-09-20;1,47;100127;15589,57;171,796998217877
20;2020-09-21;3,16;100127;33439,84;362,37624096484
21;2020-09-22;4,35;100127;46152,14;491,78656606871
22;2020-09-23;3,13;100127;33174,55;358,932680169645
23;2020-09-24;3,49;100127;37040,81;405,066151959014
24;2020-09-25;0,83;100127;8828,68;105,631680972994
25;2020-09-26;0,78;100127;8317,72;99,9303036827628
26;2020-09-27;2,35;100127;24895,94;271,447801070174
27;2020-09-28;0,75;100127;7958,42;96,338882319903
28;2020-09-29;1,38;100127;14668,2;165,666479246608
29;2020-09-30;1,05;100127;11144,36;129,817890373503
30;2020-10-31;1;100127;10563,2;127,95134645301
0;2020-10-01;1,71;100127;18159,85;208,221228880454
1;2020-10-02;0,67;100127;7085,49;85,7393043909285
2;2020-10-03;0,79;100127;8397,45;100,059592669651
3;2020-10-04;1,39;100127;14710,49;162,74636564179
4;2020-10-05;2,52;100127;26696,24;287,379230515389
5;2020-10-06;1,19;100127;12581,21;143,705760493173
6;2020-10-07;1,86;100127;19667,42;220,774847343016
7;2020-10-08;0,66;100127;7032,14;85,4175703045981
8;2020-10-09;1,73;100127;18312,78;205,0156611295
9;2020-10-10;3,09;100127;32749,2;349,045613257695
10;2020-10-11;2,97;100127;31470,63;341,965411099365
11;2020-10-12;1,53;100127;16220,85;185,411353735574
12;2020-10-13;2,67;100127;28263,72;311,501929998815
13;2020-10-14;1,45;100127;15381,29;177,317690324025
14;2020-10-15;1,82;100127;19338,67;217,978897349961
15;2020-10-16;2,81;100127;29728,48;337,312899428928
16;2020-10-17;2,99;100127;31704,62;352,754402435487
17;2020-10-18;2,61;100127;27679,96;315,452528628197
18;2020-10-19;2,73;100127;28976,35;335,538160157904
19;2020-10-20;0,57;100127;6075,66;74,2800206051275
20;2020-10-21;0,3;100127;3143,72;42,2424668586787
21;2020-10-22;0,88;100127;9339,73;112,831791956744
22;2020-10-23;1,25;100127;13255,87;157,031539899888
23;2020-10-24;1,41;100127;14991,7;180,474783001085
24;2020-10-25;0,31;100127;3267,58;43,1975360767627
25;2020-10-26;0,57;100127;6060,03;73,6469737248854
26;2020-10-27;0,73;100127;7742,11;97,1342089787772
27;2020-10-28;1,73;100127;18337,22;229,611500813804
28;2020-10-29;1,56;100127;16510,2;211,265129887263
29;2020-10-30;0,35;100127;3740,12;48,777820188588
30;2020-10-31;1;100127;10563,2;127,95134645301